Caliphate	Caliphate
Capitulations	Capitulations of the Ottoman Empire
Eastern Question	Eastern question
Famine and epidemics	Epidemic typhus
Harem and the palace household	Imperial Harem
Military uniforms and equipment	Ottoman Army (1861–1922)
Muslims in Europe	Islam in Europe
National economy (Milli İktisat)	tr:Millî İktisat
Orientalism	Orientalism
Ottoman Empire	Ottoman Empire
Ottoman press	Media of the Ottoman Empire
Ottomanism	Ottomanism
Pan-Islamism	Pan-Islamism
Philhellenism	Philhellenism
Ramadan in İstanbul	Ramadan
Refugees (muhacir)	Muhacir
Russian Empire	Russian Empire
The Sick Man of Europe	Sick man of Europe
Turkish folklore	Turkish folklore
Turkish proverbs	tr:Atasözü
Turkism and Pan-Turkism	Pan-Turkism
31 March Incident (1909)	31 March incident
Abolition of the Caliphate (1924)	Abolition of the Caliphate
Abolition of the Janissaries (1826)	Auspicious Incident
Abolition of the Sultanate (1922)	Abolition of the Ottoman sultanate
Adana events (1909)	Adana massacre
Amasya Circular (1919)	Amasya Circular
Arab Revolt (1916-1918)	Arab Revolt
Armenian deportation (1915)	Armenian genocide
Armistice of Mudanya (1922)	Armistice of Mudanya
Armistice of Mudros (1918)	Armistice of Mudros
Balkan Wars (1912-1913)	Balkan Wars
Battle of Navarino (1827)	Battle of Navarino
Battle of Poltava (1709)	Battle of Poltava
Battle of Sakarya (1921)	Battle of Sakarya
Battle of Çeşme (1770)	Battle of Chesma
Battles of İnönü (1921)	First Battle of İnönü
British occupation of Egypt (1882)	Anglo-Egyptian War
Caucasus Front	Caucasus campaign
Congress of Berlin (1878)	Congress of Berlin
Crimean War (1853-1856)	Crimean War
Crusades	Crusades
Egyptian Question (1831-1841)	Egyptian–Ottoman War (1831–1833)
Erzurum Congress (1919)	Erzurum Congress
Exile of the Ottoman dynasty (1924)	Osmanoğlu family
Fall of Constantinople (1453)	Fall of Constantinople
First Constitutional Era (1876-1878)	First Constitutional Era
First World War	World War I
Galician Front (1916-1917)	Brusilov offensive
Gallipoli Campaign (1915)	Gallipoli campaign
German military mission (1913)	-
Goeben and Breslau (1914)	Pursuit of Goeben and Breslau
Great Offensive (1922)	Great Offensive
Greco-Turkish War of 1897	Greco-Turkish War (1897)
Greek War of Independence (1821)	Greek War of Independence
Hamidian massacres and Armenian uprisings (1894-1896)	Hamidian massacres
Internal revolts (1919-1921)	Revolts during the Turkish War of Independence
Islahat Fermanı (1856)	Ottoman Reform Edict of 1856
Italo-Turkish War (1911-1912)	Italo-Turkish War
Kemalist reforms	Atatürk's reforms
Malta exiles (1919-1921)	Malta exiles
Mesopotamian Front	Mesopotamian campaign
Misak-ı Milli (1920)	Misak-ı Millî
Occupation of İstanbul (1918-1923)	Occupation of Istanbul
Occupation of İzmir (1919)	Occupation of Smyrna
Opening of the Grand National Assembly (1920)	Grand National Assembly of Turkey
Palestine and Sinai Front	Sinai and Palestine campaign
Paris Peace Conference (1919)	Paris Peace Conference (1919–1920)
Proclamation of the Republic (1923)	Republic Day (Turkey)
Prut Campaign (1711)	Pruth River campaign
Raid on the Sublime Porte (1913)	1913 Ottoman coup d'état
Russian Revolution (1917)	Russian Revolution
Russian annexation of Crimea (1783)	Annexation of the Crimean Khanate by the Russian Empire
Russo-Turkish War of 1877-1878	Russo-Turkish War (1877–1878)
Sarıkamış Operation (1914-1915)	Battle of Sarikamish
Sheikh Said rebellion (1925)	Sheikh Said rebellion
Siege of Kut (1916)	Siege of Kut
Siege of Plevne (1877)	Siege of Plevna
Siege of Vienna (1683)	Battle of Vienna
Sivas Congress (1919)	Sivas Congress
Suez Canal Campaign (1915)	Raid on the Suez Canal
Sykes-Picot Agreement (1916)	Sykes–Picot Agreement
Tanzimat	Tanzimat
Treaties of Moscow and Kars (1921)	Treaty of Moscow (1921)
Treaty of Balta Limanı (1838)	Treaty of Balta Liman
Treaty of Brest-Litovsk (1918)	Treaty of Brest-Litovsk
Treaty of Karlowitz (1699)	Treaty of Karlowitz
Treaty of Küçük Kaynarca (1774)	Treaty of Küçük Kaynarca
Treaty of Lausanne (1923)	Treaty of Lausanne
Treaty of San Stefano (1878)	Treaty of San Stefano
Treaty of Sèvres (1920)	Treaty of Sèvres
Unionist trials (1919-1920)	Turkish courts-martial of 1919–1920
University reform of 1933	tr:1933 Üniversite Reformu
Young Turk Revolution (1908)	Young Turk Revolution
Yıldız assassination attempt (1905)	Yıldız assassination attempt
İzmir assassination plot (1926)	tr:İzmir Suikastı
Ahrar Party	Liberty Party (Ottoman Empire)
Armenian revolutionary committees	Armenian Revolutionary Federation
Baghdad Railway	Baghdad Railway
Committee of Union and Progress	Committee of Union and Progress
Düyun-u Umumiye	Ottoman Public Debt Administration
English Friendship Society	tr:İngiliz Muhipler Cemiyeti
Filiki Eterya	Filiki Eteria
Freedom and Accord Party	Freedom and Accord Party
Hamidiye Regiments	Hamidiye (cavalry)
Hejaz Railway	Hejaz railway
Heyet-i Temsiliye	tr:Heyet-i Temsiliye
Hilal-i Ahmer	Turkish Red Crescent
Istanbul Independence Tribunals	Independence Tribunal
Janissaries	Janissary
Kuva-yı Milliye	Kuva-yi Milliye
Kürt Teali Cemiyeti	Society for the Rise of Kurdistan
Macedonian committees	Internal Macedonian Revolutionary Organization
Müdafaa-i Hukuk societies	Association for Defence of National Rights
Ottoman Bank	Ottoman Bank
Ottoman Navy	Ottoman Navy
Ottoman Parliament	General Assembly of the Ottoman Empire
Ottoman War Academy	Ottoman Military College
Progressive Republican Party	Progressive Republican Party (Turkey)
Red Army	Red Army
Republican People's Party	Republican People's Party
Sublime Porte	Sublime Porte
Teşkilat-ı Mahsusa	Special Organization (Ottoman Empire)
Tobacco Régie	tr:Reji İdaresi
Türk Ocağı	Turkish Hearths
Young Ottomans	Young Ottomans
Young Turks	Young Turks
Yıldırım Army Group	Yildirim Army Group
Abbas Hilmi Paşa	Abbas II of Egypt
Abdullah Cevdet	Abdullah Cevdet
Abdülaziz	Abdulaziz
Abdülhamid II	Abdul Hamid II
Abdülmecid Efendi	Abdulmejid II
Abdülmecid I	Abdulmejid I
Adolphus Slade	Adolphus Slade
Afet İnan	Afet İnan
Ahmed Cevdet Paşa	Ahmed Cevdet Pasha
Ahmed Midhat Efendi	Ahmet Mithat
Ahmed Rıza	Ahmet Rıza
Ahmed Vefik Paşa	Ahmed Vefik Pasha
Ahmed İzzet Paşa	Ahmet İzzet Pasha
Ahmet Anzavur	Ahmet Anzavur
Ahmet Emin Yalman	Ahmet Emin Yalman
Alexander Gorchakov	Alexander Gorchakov
Alexander II of Russia	Alexander II of Russia
Alexander Suvorov	Alexander Suvorov
Alexei Orlov	Alexei Grigoryevich Orlov
Ali Fuat Cebesoy	Ali Fuat Cebesoy
Ali Kemal	Ali Kemal Bey
Ali Rıza Paşa	Ali Rıza Pasha
Ali İhsan Paşa	Ali İhsan Sâbis
Ali Şükrü Bey	Ali Şükrü Bey
Andranik	Andranik
Arthur Calthorpe	Somerset Gough-Calthorpe
Aziz Ali el-Mısri	Aziz Ali al-Misri
Bahaeddin Şakir	Bahaeddin Şakir
Baltacı Mehmed Paşa	Baltacı Mehmed Pasha
Barbaros Hayreddin	Hayreddin Barbarossa
Bekir Sami	Bekir Sami Kunduh
Benjamin Disraeli	Benjamin Disraeli
Boghos Nubar	Boghos Nubar
Boğazlıyan Kaymakamı Kemal Bey	tr:Mehmed Kemal
Cafer Tayyar	Cafer Tayyar Eğilmez
Cafer el-Askeri	Ja'far al-Askari
Catherine the Great	Catherine the Great
Cavid Bey	Mehmed Cavid
Celal Bayar	Celâl Bayar
Cemal Paşa	Djemal Pasha
Charles S. Ryan	Charles Ryan (surgeon)
Charles Townshend	Charles Townshend (British Army officer)
Charles XII of Sweden	Charles XII of Sweden
Colmar von der Goltz	Colmar Freiherr von der Goltz
Damat Ferit Paşa	Damat Ferid Pasha
David Lloyd George	David Lloyd George
Dimitrie Cantemir	Dimitrie Cantemir
Doktor Nazım	Mehmed Nazım
Ebüzziya Tevfik	Ebüzziya Tevfik
Edmund Allenby	Edmund Allenby, 1st Viscount Allenby
Edward Grey	Edward Grey, 1st Viscount Grey of Fallodon
Eleftherios Venizelos	Eleftherios Venizelos
Emir Abdullah	Abdullah I of Jordan
Emmanuel Karasu	Emmanuel Carasso
Enver Paşa	Enver Pasha
Erich Ludendorff	Erich Ludendorff
Erich von Falkenhayn	Erich von Falkenhayn
Esat Paşa	Mehmet Esat Bülkat
Evliya Çelebi	Evliya Çelebi
Fahreddin Paşa	Fahreddin Pasha
Fatih Sultan Mehmed	Mehmed II
Faysal	Faisal I of Iraq
Fethi Okyar	Ali Fethi Okyar
Fevzi Çakmak	Fevzi Çakmak
Fuad Paşa	Keçecizade Mehmed Fuad Pasha
Gazi Ahmed Muhtar Paşa	Ahmed Muhtar Pasha
Gazi Osman Paşa	Osman Nuri Pasha
George Milne	George Milne, 1st Baron Milne
Georgy Chicherin	Georgy Chicherin
Gertrude Bell	Gertrude Bell
Giovanni Giolitti	Giovanni Giolitti
Grigory Potemkin	Grigory Potemkin
Guido von Usedom	Guido von Usedom
Hafız Hakkı Paşa	Hafiz Hakki Pasha
Halide Edib	Halide Edib Adıvar
Halil Kut	Halil Kut
Halil Menteşe	Halil Menteşe
Hamdullah Suphi	Hamdullah Suphi Tanrıöver
Hans von Wangenheim	Hans Freiherr von Wangenheim
Hayreddin Paşa	Hayreddin Pasha
Helmuth von Moltke	Helmuth von Moltke the Elder
Henry McMahon	Henry McMahon
Henry Morgenthau	Henry Morgenthau Sr.
Hobart Paşa	Augustus Charles Hobart-Hampden
Hürrem Sultan	Hurrem Sultan
Hüseyin Avni Paşa	Hüseyin Avni Pasha
Hüseyin Cahit	Hüseyin Cahit Yalçın
Hüseyin Hilmi Paşa	Hüseyin Hilmi Pasha
Kaiser Wilhelm II	Wilhelm II
Kamil Paşa	Kâmil Pasha
Kanuni Sultan Süleyman	Suleiman the Magnificent
Kara Kemal	Kara Kemal
Kara Vasıf	tr:Mustafa Vasıf Karakol
Kavalalı Mehmed Ali Paşa	Muhammad Ali of Egypt
King Ferdinand of Bulgaria	Ferdinand I of Bulgaria
Klemens von Metternich	Klemens von Metternich
Kress von Kressenstein	Friedrich Freiherr Kress von Kressenstein
Kâzım Karabekir	Kâzım Karabekir
Kâzım Özalp	Kâzım Özalp
Köprülü family	Köprülü family
Kösem Sultan	Kösem Sultan
Küçük Said Paşa	Mehmed Said Pasha
Kılıç Ali	Kılıç Ali
Lajos Kossuth	Lajos Kossuth
Latife Hanım	Latife Uşaki
Leon Trotsky	Leon Trotsky
Liman von Sanders	Otto Liman von Sanders
Lord Curzon	George Curzon, 1st Marquess Curzon of Kedleston
Lord Kitchener	Herbert Kitchener, 1st Earl Kitchener
Lord Salisbury	Robert Gascoyne-Cecil, 3rd Marquess of Salisbury
Mahmud II	Mahmud II
Mahmud Nedim Paşa	Mahmud Nedim Pasha
Mahmud Şevket Paşa	Mahmud Şevket Pasha
Mark Sykes	Mark Sykes
Mazhar Müfit Kansu	Mazhar Müfit Kansu
Mehmed Akif	Mehmet Akif Ersoy
Mehmed V Reşad	Mehmed V
Mehmed VI Vahdettin	Mehmed VI
Merzifonlu Kara Mustafa Paşa	Merzifonlu Kara Mustafa Pasha
Midhat Paşa	Midhat Pasha
Mikhail Frunze	Mikhail Frunze
Mikhail Skobelev	Mikhail Skobelev
Mizancı Murad	tr:Mizancı Murad
Murad V	Murad V
Mustafa Kemal Atatürk	Mustafa Kemal Atatürk
Mustafa Reşid Paşa	Mustafa Reşid Pasha
Mustafa Sabri Efendi	Mustafa Sabri
Mustafa Suphi	Mustafa Suphi
Naciye Sultan	Naciye Sultan
Namık Kemal	Namık Kemal
Napoleon Bonaparte	Napoleon
Napoleon III	Napoleon III
Nazım Paşa	Nazım Pasha
Nemrut Mustafa Paşa	Nemrut Mustafa Pasha
Nicholas I of Russia	Nicholas I of Russia
Nicholas II of Russia	Nicholas II
Nikolay Ignatiev	Nikolay Pavlovich Ignatyev
Nuri Conker	Nuri Conker
Nuri Killigil	Nuri Killigil
Nuri Said	Nuri al-Said
Osman Hamdi Bey	Osman Hamdi Bey
Otto von Bismarck	Otto von Bismarck
Paul von Hindenburg	Paul von Hindenburg
Peter the Great	Peter the Great
Prens Sabahaddin	Prince Sabahaddin
Prince Menshikov	Alexander Sergeyevich Menshikov
Rahmi Bey	tr:Rahmi Arslan
Rauf Orbay	Rauf Orbay
Refet Bele	Refet Bele
Refik Halid	Refik Halit Karay
Resneli Niyazi	Ahmed Niyazi Bey
Rıza Nur	Rıza Nur
Rıza Tevfik	Rıza Tevfik Bölükbaşı
Said Halim Paşa	Said Halim Pasha
Sait Molla	tr:Sait Molla
Salih Bozok	Salih Bozok
Salih Hulusi Paşa	Salih Hulusi Kezrak
Samuel S. Cox	Samuel S. Cox
Selim III	Selim III
Semyon Aralov	Semyon Aralov
Sergey Sazonov	Sergey Sazonov
Soghomon Tehlirian	Soghomon Tehlirian
Sokullu Mehmed Paşa	Sokollu Mehmed Pasha
Stratford Canning	Stratford Canning, 1st Viscount Stratford de Redcliffe
Süleyman Hüsnü Paşa	Süleyman Hüsnü Pasha
T. E. Lawrence	T. E. Lawrence
Talat Paşa	Talaat Pasha
Tekin Alp	Munis Tekinalp
Tevfik Fikret	Tevfik Fikret
Tevfik Paşa	Ahmet Tevfik Pasha
Topal Osman	Topal Osman
Vehip Paşa	Wehib Pasha
Vladimir Lenin	Vladimir Lenin
Voltaire	Voltaire
Wilhelm Souchon	Wilhelm Souchon
William Gladstone	William Ewart Gladstone
Winston Churchill	Winston Churchill
Woodrow Wilson	Woodrow Wilson
Yahya Kaptan	tr:Yahya Kaptan
Yakup Cemil	Yakub Cemil
Yavuz Sultan Selim	Selim I
Yunus Nadi	Yunus Nadi Abalıoğlu
Yusuf Akçura	Yusuf Akçura
Yusuf Kemal Tengirşenk	Yusuf Kemal Tengirşenk
Ziya Gökalp	Ziya Gökalp
Ziya Paşa	Ziya Pasha
Zübeyde Hanım	Zübeyde Hanım
Âli Paşa	Mehmed Emin Âli Pasha
Çerkez Ethem	Çerkes Ethem
Ömer Paşa	Omar Pasha
İbn Suud	Ibn Saud
İbrahim Müteferrika	Ibrahim Muteferrika
İsmet İnönü	İsmet İnönü
Şehzade Yusuf İzzeddin	Şehzade Yusuf Izzeddin
Şemsi Paşa	Şemsi Pasha
Şerif Hüseyin	Hussein bin Ali, Sharif of Mecca
Şinasi	İbrahim Şinasi
Anna Grosser-Rilke	-
Faik Tonguç	-
Gustav von Hochwächter	-
Mehmet Turgut Argun	-
Mehmet Şevki Yazman	-
İbrahim Sorguç	-
Informants and spies (jurnal system)	-
Adana	Adana
Afyon	Afyonkarahisar
Amasya	Amasya
Anadolu	Anatolia
Ankara	Ankara
Antep	Gaziantep
Arnavutluk	Albania
Atina	Athens
Azak	Azov
Bakü	Baku
Basra	Basra
Batum	Batumi
Bağdat	Baghdad
Belgrad	Belgrade
Berlin	Berlin
Beyoğlu and Galata	Beyoğlu
Beyrut	Beirut
Bitlis	Bitlis
Boğazlar	Turkish Straits
Bulgaristan	Bulgaria
Bursa	Bursa
Cezayir	Regency of Algiers
Diyarbakır	Diyarbakır
Dolmabahçe Sarayı	Dolmabahçe Palace
Edirne	Edirne
Erzurum	Erzurum
Eskişehir	Eskişehir
Filistin	Palestine (region)
Girit	Crete
Halep	Aleppo
Hicaz	Hejaz
Hindistan	British Raj
Irak	Ottoman Iraq
Kadıköy and Kızıltoprak	Kadıköy
Kafkasya	Caucasus
Kars	Kars
Kastamonu	Kastamonu
Kilikya	Cilicia
Konya	Konya
Kudüs	Jerusalem
Kütahya	Kütahya
Kıbrıs	Cyprus
Kırım	Crimea
Londra	London
Lübnan	Mount Lebanon Mutasarrifate
Makedonya	Macedonia (region)
Malta	Malta
Manastır	Bitola
Maraş	Kahramanmaraş
Medine	Medina
Mekke	Mecca
Moskova	Moscow
Musul	Mosul
Mısır	Khedivate of Egypt
Paris	Paris
Rumeli	Rumelia
Samsun	Samsun
Sarıkamış	Sarıkamış
Selanik	Thessaloniki
Silistre	Silistra
Sivas	Sivas
Sofya	Sofia
St. Petersburg	Saint Petersburg
Suriye	Ottoman Syria
Süveyş Kanalı	Suez Canal
Sırbistan	Serbia
Tiflis	Tbilisi
Topkapı Sarayı	Topkapı Palace
Trablusgarp	Ottoman Tripolitania
Trabzon	Trabzon
Trakya	Thrace
Tuna	Danube
Tunus	Beylik of Tunis
Urfa	Şanlıurfa
Van	Van, Turkey
Venedik	Venice
Viyana	Vienna
Yemen	Yemen Vilayet
Yeşilköy (Ayastefanos)	Yeşilköy
Yunanistan	Kingdom of Greece
Yıldız Sarayı	Yıldız Palace
Çanakkale and Gelibolu	Gallipoli
Üsküdar	Üsküdar
Üsküp	Skopje
İran	Qajar Iran
İstanbul	Istanbul
İzmir	İzmir
İzmit	İzmit
Şam	Damascus
Şıpka	Shipka Pass
