original	corrected	count
Romein	Romen	1
Sııit	Suit	1
karşıci	karşıcı	1
birakillyor	bırakıllyor	1
çıkarla	çıkarma	1
çura'nin	cura'nın	1
kapitalizmasi	kapitalizması	1
karaborsaciliğa	karaborsacılığa	1
MÜTEŞEBBISLER	MÜTEŞEBBİSLER	1
$IRKETLER	ŞİRKETLER	1
Odasi’nin	Odası’nın	1
Fransizlardi	Fransızlardı	1
Odasi'nin	Odası'nın	1
Sirbistan'da	Sırbistan'da	1
aşiyordu	aşıyordu	1
Kibris’ta	Kıbrıs’ta	1
Adalari'nda	Adaları'nda	1
Levant’di	Levant’dı	1
Société	Societe	1
yangi	yansı	1
taşimaciliğına	taşımacılığına	1
Ittibad	İttibad	1
Yillık	Yıllık	1
Aylik	Aylık	1
aşmışti	aşmıştı	1
almiyordu	almıyordu	1
açtiğ1	açtığı	1
Iskenderiye'de	İskenderiye'de	1
sayisin1	sayısını	1
Rusya’ydi	Rusya’ydı	1
yukaridakilerden	yukarıdakilerden	1
çikarmıti	çıkarmıtı	1
değiik	değiık	1
noktalarindaydi	noktalarındaydı	1
Rusyasi'ninkiydi	Rusyası'nınkıydı	1
LIMITED	LİMİTED	1
Acts	Açtı	1
SUARE	SÜRE	1
Gompanies	Gömpanıes	1
UNE	NE	1
ONE	ÖNE	1
ORIENTAL	ORİENTAL	1
LINITED	LİMİTED	1
tarm	tam	1
dışmda	dışında	1
Şürde	Şiirde	1
icli	içli	1
Mecmuasi'nda	Mecmuası'nda	1
yllarinda	yllarında	1
aksamımi	akşamımı	1
salabiyettar	salabıyettar	1
başyazisinda	başyazısında	1
kârl	Kari	1
yillariydi	yıllarıydı	1
atilimlarin	atılımların	1
Efkâr'daki	Efkar'dakı	1
farktir	farktır	1
Iktisadiyyat	İktisadiyyat	1
kanisindaydi	kanısındaydı	1
terakkiyyatin	terakkiyyatın	1
zorunluliığu	zorunluluğu	1
inevzuat	mevzuat	1
Meskı1kat	Meskukat	1
Arnerika'daki	Amerika'daki	1
Sariayi	Sanayi	1
oluşturulmali	oluşturulmalı	1
bulunulmaliydi	bulunulmalıydı	1
aydinlatacak	aydınlatacak	1
açılmaliydi	açılmalıydı	1
yansitacak	yansıtacak	1
uygarliğini	uygarlığını	1
tanitacak	tanıtacak	1
açilmaliydi	açılmalıydı	1
oluşturulmaliydi	oluşturulmalıydı	1
korunmali	korunmalı	1
çikarilmaliydi	çıkarılmalıydı	1
kurulmali	kurulmalı	1
kurulmaliydi	kurulmalıydı	1
Irn	İri	1
başlatiyordu	başlatıyordu	1
Yayimlanan	Yayımlanan	1
çalşmalarina	çalşmalarına	1
Başsavcisi	Başsavcısı	1
Mülazimi	Mülazımı	1
kuracakti	kuracaktı	1
yapilanma	yapılanma	1
fikdani	fıkdanı	1
miyeti	niyeti	1
ylinda	ylında	1
sanatkârlarni	sanatkarlarnı	1
erbabinın	erbabının	1
yazilara	yazılara	1
Fabrikacilar	Fabrikacılar	1
uyaniklik	uyanıklık	1
fabrikacilar	Fabrikacılar	1
Sultanahrnet	Sultanahmet	1
vaz'i	vaz'ı	1
meskûkati	meskukatı	1
hüccacin	hüccacın	1
birtakimusuller	birtakımusuller	1
ihracindan	ihracından	1
mübayaasindan	mubayaasından	1
Sirbistan'dan	Sırbistan'dan	1
züvvarin	züvvarın	1
seyyahinin	seyyahının	1
Meskiikat	Meskukat	1
Misır'a	Mısır'a	1
Sirbistan’dan	Sırbistan’dan	1
karşılaştiğ1	karşılaştığı	1
oraninın	oranının	1
oran1	oranı	1
Kiymetli	Kıymetli	1
kaynakladi	kaynakladı	1
bimetalik	bımetalık	1
monometalizmi	monometalızmı	1
piyasasindaki	piyasasındaki	1
monometalizme	monometalızme	1
stoklarinin	stoklarının	1
vatandaşlarimuz	vatandaşlarımuz	1
etrafndakiler	etrafndakıler	1
imtihani	imtihanı	1
Terna	Tema	1
sakallist	sakallıst	1
odacilarindan	odacılarından	1
ortammda	ortamında	1
imamına	namına	1
Industrie	İndustrie	1
Industrie!	İndustrie!	1
économique	economique	1
paraissant	paraıssant	1
Jeudis	Jeudıs	1
Veni	Veri	1
Amn	Nin	1
Frs	Fin	1
Konsiaulinopel	Konşıaulınopel	1
Mehdanlik	Mehdanlık	1
toui	touı	1
appline	applıne	1
rnce	ince	1
haan	hain	1
trana	tinin	1
Yemru	Yemin	1
animaux	anımaux	1
hesoin	hesoın	1
améliorés	ameliorés	1
multiplication	multiplicatıon	1
bromint	bromınt	1
Abnddin	Abnddın	1
vétérinnirr	veterinnirr	1
queotion	queotıon	1
considère	consıdère	1
anianimule	anianımule	1
puint	puınt	1
listoriqe	listorıqe	1
diêmonteo	diemonteo	1
erusil	erusıl	1
étail	etaıl	1
Russic	Russıc	1
bealinox	bealınox	1
egiona	eğiona	1
lioterirur	lıoterirur	1
Hongric	Hongrıc	1
uuie	uuıe	1
liray1	lirayı	1
kutlanmışti	kutlanmıştı	1
brakildiğini	brakıldığını	1
EKONOMISI	EKONOMİSİ	1
biL	bu	1
odalarinin	odalarının	1
kâhyaliklari	kâhyalıkları	1
çabasiyla	çabasıyla	1
kuruluşlarini	kuruluşlarını	1
çikarmışti	çıkarmıştı	1
sirketlerin	şirketlerin	1
aktarmişti	aktarmıştı	1
geliyordiı	geliyordu	1
Istişarî	İstişari	1
organlarinda	organlarında	1
kayginin	kaygının	1
taslaklarini	taslaklarını	1
kilinmasiyla	kılınmasıyla	1
saptayacakti	saptayacaktı	1
uyarmasi	uyarması	1
Atanmiş	Atanmış	1
odala	odalı	1
Itilaf’a	İtilaf’a	1
Nasl	Nail	1
Iaşeyi	İaşeyi	1
şayialari	şayiaları	1
mubtelif	mübtelif	1
Urnumiyye	Umumiyye	1
kiriliyordu	kırılıyordu	1
kurbanlariydi	kurbanlarıydı	1
fuh	Fih	1
sikışıp	sıkışıp	1
çoğalmışti	çoğalmıştı	1
saldirarak	saldırarak	1
budakli	budaklı	1
ACLIK	AÇLIK	1
HILMI	HİLMİ	1
KITABEVI	KİTABEVİ	1
Rabmi’nin	Rabmı’nın	1
rnedar	medar	1
Tercürnan	Tercüman	1
Mesiil	Mesul	1
Intemational	International	1
aşari	aşan	1
Arnerican	American	1
zamaim	zaman	1
Departınent	Department	1
cornmercial	commercial	1
Anoninı	Anonim	1
teinin	temin	1
kamili	kanlı	1
termimat	teminat	1
Jarnes	James	1
